title,price,link,rating
Xiaomi 15T 5G Dual SIM (12/256GB) Gray,414.8,https://www.skroutz.gr/s/63191310/xiaomi-15t-5g-dual-sim-12-256gb-gray.html,4.36842
Xiaomi 14 Ultra 5G Dual SIM (16/512GB) Μαύρο,1309.98,https://www.skroutz.gr/s/50754014/Xiaomi-14-Ultra-5G-Dual-SIM-16-512GB-Mayro.html,4.76471
Xiaomi Mix Flip 5G Dual SIM (12/512GB) Μαύρο,1092.0,https://www.skroutz.gr/s/56492354/Xiaomi-Mix-Flip-5G-Dual-SIM-12-512GB-Mayro.html,4.88889
Xiaomi 12 Lite 5G Dual SIM (8/128GB) Lite Green,153.8,https://www.skroutz.gr/s/37242428/Xiaomi-12-Lite-5G-Dual-SIM-8-128GB-Lite-Green.html,4.75
Xiaomi Redmi Note 12 Pro 5G Dual SIM (8/256GB) Midnight Black,429.0,https://www.skroutz.gr/s/48118146/Xiaomi-Redmi-Note-12-Pro-5G-Dual-SIM-8-256GB-Midnight-Black.html,4.38462
Xiaomi Redmi Note 12 5G Dual SIM (4/128GB) Forest Green,176.5,https://www.skroutz.gr/s/41161784/Xiaomi-Redmi-Note-12-5G-Dual-SIM-4-128GB-Forest-Green.html,3.3125
Xiaomi Redmi Note 14 4G Dual SIM (6/128GB) Mist Purple,169.56,https://www.skroutz.gr/s/58454516/Xiaomi-Redmi-Note-14-4G-Dual-SIM-6-128GB-Mist-Purple.html,4.28571
Xiaomi Redmi Note 15 Pro+ 5G Dual SIM (8/256GB) Glacier Blue,376.94,https://www.skroutz.gr/s/65012846/xiaomi-redmi-note-15-pro-5g-dual-sim-8-256gb-glacier-blue.html,5.0
Xiaomi Redmi Note 15 Pro 4G NFC Dual SIM (8/256GB) Μαύρο,254.6,https://www.skroutz.gr/s/65105269/xiaomi-redmi-note-15-pro-4g-nfc-dual-sim-8-256gb-mayro.html,5.0
Xiaomi Redmi Note 15 Pro 5G Dual SIM (8/256GB) Glacier Blue,290.29,https://www.skroutz.gr/s/65012934/xiaomi-redmi-note-15-pro-5g-dual-sim-8-256gb-glacier-blue.html,4.0
Xiaomi Redmi Note 15 Pro 4G Dual SIM (8/256GB) Glacier Blue,251.89,https://www.skroutz.gr/s/65115699/xiaomi-redmi-note-15-pro-4g-dual-sim-8-256gb-glacier-blue.html,5.0
Xiaomi Redmi Note 15 Pro+ NFC 5G Dual SIM (8/256GB) Mocha Brown,351.4,https://www.skroutz.gr/s/65037178/xiaomi-redmi-note-15-pro-nfc-5g-dual-sim-8-256gb-mocha-brown.html,5.0
Xiaomi 15T Pro 5G Dual SIM (12/256GB) Mocha Gold,622.14,https://www.skroutz.gr/s/65364657/xiaomi-15t-pro-5g-dual-sim-12-256gb-mocha-gold.html,
Xiaomi Redmi 15 NFC 5G Dual SIM (4/128GB) Titan Gray,144.89,https://www.skroutz.gr/s/62040871/xiaomi-redmi-15-nfc-5g-dual-sim-4-128gb-titan-gray.html,2.75
Xiaomi Redmi Note 15 Pro+ 5G Dual SIM (8/256GB) Mocha Brown,376.96,https://www.skroutz.gr/s/65012807/xiaomi-redmi-note-15-pro-5g-dual-sim-8-256gb-mocha-brown.html,4.33333
Xiaomi Redmi Note 14 Pro+ 5G Dual SIM (8/256GB) Midnight Black,288.9,https://www.skroutz.gr/s/58267603/Xiaomi-Redmi-Note-14-Pro-5G-Dual-SIM-8-256GB-Midnight-Black.html,4.6134
Xiaomi Redmi Note 15 Pro NFC 5G Dual SIM (8/256GB) Μπλε,283.49,https://www.skroutz.gr/s/65221236/xiaomi-redmi-note-15-pro-nfc-5g-dual-sim-8-256gb-mple.html,4.5
Xiaomi 17 Ultra 5G Dual SIM (16/512GB) Black,1284.87,https://www.skroutz.gr/s/65792615/xiaomi-17-ultra-5g-dual-sim-16-512gb-black.html,4.8
Xiaomi Redmi Note 14 Pro 5G Dual SIM (8/256GB) Lavender Purple,254.2,https://www.skroutz.gr/s/58295401/Xiaomi-Redmi-Note-14-Pro-5G-Dual-SIM-8-256GB-Lavender-Purple.html,4.66495
Xiaomi Redmi Note 14 NFC 5G Dual SIM (6/128GB) Midnight Black,171.12,https://www.skroutz.gr/s/58384001/Xiaomi-Redmi-Note-14-NFC-5G-Dual-SIM-6-128GB-Midnight-Black.html,4.41176
Xiaomi Redmi Note 14 4G NFC Dual SIM (6/128GB) Mist Purple,165.0,https://www.skroutz.gr/s/58408674/Xiaomi-Redmi-Note-14-4G-NFC-Dual-SIM-6-128GB-Mist-Purple.html,4.78333
Xiaomi 17 5G Dual SIM (12/256GB) Ice Blue,940.39,https://www.skroutz.gr/s/66245348/xiaomi-17-5g-dual-sim-12-256gb-ice-blue.html,
Xiaomi Redmi Note 15 4G NFC Dual SIM (6/128GB) Glacier Blue,164.92,https://www.skroutz.gr/s/65038128/xiaomi-redmi-note-15-4g-nfc-dual-sim-6-128gb-glacier-blue.html,3.25
Xiaomi Poco X8 Pro Max 5G Dual SIM (12/256GB) Λευκό,478.8,https://www.skroutz.gr/s/66089602/xiaomi-poco-x8-pro-max-5g-dual-sim-12-256gb-leyko.html,5.0
Xiaomi Poco F8 Ultra 5G Dual SIM (12/256GB) Μαύρο,735.91,https://www.skroutz.gr/s/65234143/xiaomi-poco-f8-ultra-5g-dual-sim-12-256gb-mayro.html,5.0
Xiaomi Poco F8 Pro 5G Dual SIM (12/256GB) Μαύρο,534.94,https://www.skroutz.gr/s/65085018/xiaomi-poco-f8-pro-5g-dual-sim-12-256gb-mayro.html,5.0
Xiaomi 15T 5G Dual SIM (12/512GB) Gray,476.29,https://www.skroutz.gr/s/63192131/xiaomi-15t-5g-dual-sim-12-512gb-gray.html,5.0
Xiaomi Poco M8 Pro 5G Dual SIM (8/256GB) Ασημί,299.0,https://www.skroutz.gr/s/64990782/xiaomi-poco-m8-pro-5g-dual-sim-8-256gb-asimi.html,5.0
Xiaomi Redmi 15C NFC Dual SIM (4/128GB) Midnight Black,105.89,https://www.skroutz.gr/s/62636434/xiaomi-redmi-15c-nfc-dual-sim-4-128gb-midnight-black.html,4.48485
Xiaomi Redmi A5 4G Dual SIM (3/64GB) Μαύρο,87.89,https://www.skroutz.gr/s/59838897/xiaomi-redmi-a5-4g-dual-sim-3-64gb-mayro.html,4.44954
Xiaomi Poco F6 Pro NFC 5G Dual SIM (12/512GB) Μαύρο,419.48,https://www.skroutz.gr/s/56479867/Xiaomi-Poco-F6-Pro-NFC-5G-Dual-SIM-12-512GB-Mayro.html,4.61538
Xiaomi Poco X7 Pro 5G Dual SIM (8/256GB) Πράσινο,360.0,https://www.skroutz.gr/s/58307739/Xiaomi-Poco-X7-Pro-5G-Dual-SIM-8-256GB-Prasino.html,4.63333
Xiaomi Poco F7 5G Dual SIM (12/512GB) Μαύρο,409.89,https://www.skroutz.gr/s/61359799/xiaomi-poco-f7-5g-dual-sim-12-512gb-mayro.html,4.58333
Xiaomi Poco C85 NFC Dual SIM (6/128GB) Πράσινο,104.98,https://www.skroutz.gr/s/63024653/xiaomi-poco-c85-nfc-dual-sim-6-128gb-prasino.html,4.71429
Xiaomi Poco X7 Pro NFC 5G Dual SIM (8/256GB) Μαύρο,319.39,https://www.skroutz.gr/s/58348392/Xiaomi-Poco-X7-Pro-NFC-5G-Dual-SIM-8-256GB-Mayro.html,4.76471
Xiaomi Poco X8 Pro 5G Dual SIM (8/256GB) Μαύρο,348.98,https://www.skroutz.gr/s/66090137/xiaomi-poco-x8-pro-5g-dual-sim-8-256gb-mayro.html,4.6
Xiaomi 15 5G (12/512GB) Μαύρο,678.9,https://www.skroutz.gr/s/59036501/Xiaomi-15-5G-12-512GB-Mayro.html,4.74074
Xiaomi Redmi Note 14 5G Dual SIM (6/128GB) Midnight Black,171.04,https://www.skroutz.gr/s/58587838/Xiaomi-Redmi-Note-14-5G-Dual-SIM-6-128GB-Midnight-Black.html,4.77778
Xiaomi Redmi 15 5G Dual SIM (4/128GB) Ripple Green,154.9,https://www.skroutz.gr/s/63265811/xiaomi-redmi-15-5g-dual-sim-4-128gb-ripple-green.html,
Xiaomi Poco M8 5G Dual SIM (8/256GB) Μαύρο,216.5,https://www.skroutz.gr/s/65005745/xiaomi-poco-m8-5g-dual-sim-8-256gb-mayro.html,4.75
Xiaomi 17 Ultra 5G Dual SIM (16/512GB) Black with Photography Kit,1399.08,https://www.skroutz.gr/s/66935694/xiaomi-17-ultra-5g-dual-sim-16-512gb-black-with-photography-kit.html,
Xiaomi Redmi 15 4G Dual SIM (6/128GB) Titan Gray,135.49,https://www.skroutz.gr/s/62357423/xiaomi-redmi-15-4g-dual-sim-6-128gb-titan-gray.html,4.2
Xiaomi Redmi 15 4G NFC Dual SIM (6/128GB) Sandy Purple,125.66,https://www.skroutz.gr/s/62358493/xiaomi-redmi-15-4g-nfc-dual-sim-6-128gb-sandy-purple.html,4.5
Xiaomi Poco C75 4G Dual SIM (6/128GB) Μαύρο,157.89,https://www.skroutz.gr/s/57377933/Xiaomi-Poco-C75-4G-Dual-SIM-6-128GB-Mayro.html,4.3
Xiaomi Redmi Note 15 NFC 5G Dual SIM (6/128GB) Black,220.98,https://www.skroutz.gr/s/65038006/xiaomi-redmi-note-15-nfc-5g-dual-sim-6-128gb-black.html,4.75
Xiaomi 15 Ultra 5G (16/512GB) Λευκό,1999.0,https://www.skroutz.gr/s/59037902/Xiaomi-15-Ultra-5G-16-512GB-Leyko.html,4.71429
